metric,value
record_gap_ratio,0.4220589949865921
material_gap_ratio,0.4472197442759441
